<beans xmlns="http://www.springframework.org/schema/beans"
	xmlns:xsi="http://www.w3.org/2001/XMLSchema-instance"
	xmlns:context="http://www.springframework.org/schema/context"
	xsi:schemaLocation="http://www.springframework.org/schema/beans
    http://www.springframework.org/schema/beans/spring-beans-3.0.xsd
    http://www.springframework.org/schema/context
    http://www.springframework.org/schema/context/spring-context-3.0.xsd">

	<bean class="com.citi.demo.Employee" id="emp" >
			<constructor-arg name="eid" value="121"></constructor-arg>
		<constructor-arg name="ename" value="suresh"></constructor-arg>
		<constructor-arg name="econtact" value="909090"></constructor-arg>
		<constructor-arg name="email" value="suresh@gmail"></constructor-arg>
		<constructor-arg name="address" ref="add"></constructor-arg>
	</bean>
		<bean class="com.citi.demo.Address" id="add" >
			<constructor-arg name="hno" value="432"></constructor-arg>
		<constructor-arg name="colony" value="sbicolony"></constructor-arg>
		<constructor-arg name="city" value="hyderbad"></constructor-arg>
		<constructor-arg name="pincode" value="123456"></constructor-arg>
	</bean>

</beans>